Keyword,TotalCost,TotalClicks
100 electric cars,2120000,1
12v electric cars,0,0
2 seater electric car,0,0
2019 electric car,27700000,11
2019 electric cars,16670000,8
2019 electric cars uk,0,0
4 seat electric car,0,0
a electric car,0,0
affordable electric car,970000,1
affordable electric cars,2500000,1
affordable electric cars 2019,0,0
all electric car,0,0
all electric cars,9580000,4
all electric cars 2019,0,0
all electric cars uk,0,0
all electric vehicles,0,0
an electric car,0,0
auto electric,0,0
available electric cars,0,0
average cost of an electric car,0,0
battery electric car,0,0
battery electric vehicle,0,0
benefits of electric cars,1930000,1
best cheap electric car,0,0
budget electric car,2490000,1
build your own electric car,0,0
buy electric car,7750000,3
buy electric car online,0,0
buy electric car uk,0,0
car electric engine,0,0
car electrical,0,0
car on electricity,0,0
cars electric car,0,0
charging electric cars,2240000,1
cheap electric car,2390000,1
cheap electric cars,18600000,10
cheapest electric car,32280000,16
cheapest ev car,0,0
cheapest new electric car,0,0
classic electric cars,0,0
compact electric car,0,0
compact electric vehicles,0,0
compare electric cars,0,0
convert car to electric,0,0
cool electric cars,550000,1
cost of an electric car,2470000,1
cost of electric cars,2980000,1
diesel electric car,0,0
electric 4x4,1890000,1
electric auto,0,0
electric automatic car,1940000,1
electric automobiles,0,0
electric car,67940000,26
electric car 2 seater,0,0
electric car 2019,16380000,7
electric car 2019 uk,6910000,3
electric car battery,0,0
electric car battery range,0,0
electric car brands,0,0
electric car car,0,0
electric car cars,0,0
electric car charger,2770000,1
electric car charging,0,0
electric car charging stations,0,0
electric car choices,0,0
electric car clubs,0,0
electric car companies,0,0
electric car comparison,5810000,2
electric car cost,0,0
electric car dealer,0,0
electric car dealers,0,0
electric car dealership,2470000,1
electric car distance,0,0
electric car engine,0,0
electric car guide,3850000,2
electric car info,0,0
electric car lease,5040000,3
electric car list,0,0
electric car makes,0,0
electric car manufacturers,0,0
electric car market,0,0
electric car mileage,0,0
electric car models,0,0
electric car motor,0,0
electric car motor price,0,0
electric car new,0,0
electric car options,0,0
electric car parts,2470000,1
electric car pictures,0,0
electric car plug,0,0
electric car plug in,0,0
electric car power,0,0
electric car price,2480000,1
electric car prices,2820000,1
electric car prices uk,0,0
electric car range,0,0
electric car ranges 2019,0,0
electric car reviews,0,0
electric car sedan,0,0
electric car small,0,0
electric car subsidies,0,0
electric car suv,0,0
electric car uk,10740000,4
electric car wheels,0,0
electric cars,129210000,48
electric cars 2018,0,0
electric cars 2018 uk,2820000,1
electric cars affordable,0,0
electric cars available in uk,0,0
electric cars available now,0,0
electric cars by range,0,0
electric cars cost,0,0
electric cars for babies,0,0
electric cars for boys,0,0
electric cars future,0,0
electric cars in 2019,0,0
electric cars information,0,0
electric cars on the market,0,0
electric cars price,4220000,2
electric cars prices,3820000,2
electric cars review,0,0
electric cars reviews,2340000,1
electric cars uk,20650000,8
electric cars uk 2019,0,0
electric cars website,0,0
electric engine car,0,0
electric engine for car,0,0
electric family car,0,0
electric hybrid vans,0,0
electric luxury cars,0,0
electric model cars,0,0
electric motor car,0,0
electric motor for car,0,0
electric motors in cars,0,0
electric only cars,0,0
electric powered cars,0,0
electric small cars,2820000,1
electric smart car,2740000,1
electric sports car,0,0
electric suv,2320000,1
electric utility vehicle,0,0
electric vehicle,0,0
electric vehicle cost,0,0
electric vehicle list,0,0
electric vehicle motors,0,0
electric vehicle news,0,0
electric vehicle prices,2320000,1
electric vehicle range,0,0
electric vehicle technology,2000000,1
electric vehicles,3240000,1
electric vehicles 2019,0,0
electric vehicles range,0,0
electric vehicles uk,2830000,1
electric wagon car,0,0
electrical cars,4150000,2
ev cars,0,0
ev cars 2019,2530000,1
ev electric car,0,0
ev motors,0,0
ev vehicle,0,0
ev vehicles,0,0
evs cars,0,0
family electric cars,7360000,3
fast electric cars,0,0
fastest electric car,0,0
full electric car,440000,1
full electric cars 2019,0,0
full electric cars uk,0,0
full electric vehicles,0,0
fully electric cars,10170000,4
fully electric cars 2019,1180000,1
fully electric cars uk,0,0
future electric cars,1370000,1
future of electric cars,930000,1
good electric cars,0,0
high mileage electric cars,0,0
how do electric cars work,5400000,2
how much does an electric car cost,2750000,1
hybrid electric car,12770000,5
it electric car,0,0
large electric cars,0,0
largest electric car,0,0
latest electric car news,0,0
latest electric car technology,2730000,1
latest electric cars,1570000,1
list of electric cars,0,0
list of electric vehicles,0,0
little electric cars,0,0
long distance electric cars,0,0
long range electric cars 2019,0,0
longest range electric car,0,0
longest range electric car 2019,0,0
low cost electric car,0,0
lowest cost electric car,0,0
lowest price electric car,0,0
luxury electric car,0,0
luxury electric cars,2480000,1
luxury electric cars 2019,0,0
mini electric car,2320000,1
models of electric cars,0,0
most affordable electric car,0,0
most economical electric car,0,0
most popular electric cars,0,0
motor for electric car,0,0
new car electric,2770000,1
new electric car,2560000,1
new electric car 2019,0,0
new electric car technology,0,0
new electric car uk,0,0
new electric cars,2710000,1
new electric cars 2018,0,0
new electric cars 2019,6440000,3
new electric cars 2019 uk,0,0
new electric sports car,0,0
new electric vehicles,3030000,1
new electric vehicles 2019,0,0
new electronic car,0,0
new ev cars 2019,0,0
new small electric cars,0,0
only electric cars,0,0
plug electric,0,0
plug in electric,0,0
plug in electric car,0,0
plug in electric cars,0,0
plug in electric cars 2019,0,0
plug in electric vehicle,0,0
plug in electric vehicles,0,0
plugin electric cars,0,0
plugin electric vehicles,2220000,1
price of an electric car,0,0
price of electric cars,2770000,1
pure electric cars,0,0
range electric cars,0,0
range of electric cars,0,0
range on electric cars,0,0
riding electric cars,0,0
sedan electric car,0,0
small electric car,5300000,2
small electric car price,0,0
small electric car review,0,0
small electric car uk,0,0
small electric cars,15660000,7
small electric cars for adults,0,0
small electric cars uk,5010000,2
small electric vehicles,0,0
smart electric car,1050000,1
sports electric car,0,0
sporty electric car,0,0
sporty electric cars,0,0
suv electric car,0,0
the cheapest electric car,0,0
the electric car,0,0
think electric car,0,0
top 10 electric cars,4580000,2
top 10 electric cars 2019,0,0
top electric cars,0,0
top electric cars 2019,970000,1
top ten electric cars,0,0
total electric cars,0,0
uk electric cars,5540000,2
upcoming electric cars,0,0
vehicle electric,0,0
what are electric cars,0,0
what car electric cars,0,0
what electric car,0,0
which electric car,2900000,1
